"timestamp (N)","device_data1 (M)"
"1625738344292","{    ""acc_x"" : { ""N"" : ""2.169023073660802"" },    ""acc_y"" : { ""N"" : ""0.7257191906176649"" },    ""acc_z"" : { ""N"" : ""1.5209694740181752"" },    ""DeviceType"" : { ""S"" : ""sensor"" },    ""PhenomenonTime"" : { ""N"" : ""1625738343956"" },    ""QuantityKind"" : { ""S"" : ""Acceleration"" }  }"
"1625738352370","{    ""acc_x"" : { ""N"" : ""1.454580590428996"" },    ""acc_y"" : { ""N"" : ""0.5128631356365878"" },    ""acc_z"" : { ""N"" : ""0.07896504136701887"" },    ""DeviceType"" : { ""S"" : ""sensor"" },    ""PhenomenonTime"" : { ""N"" : ""1625738352053"" },    ""QuantityKind"" : { ""S"" : ""Acceleration"" }  }"
"1625738384766","{    ""acc_x"" : { ""N"" : ""1.3399337122523298"" },    ""acc_y"" : { ""N"" : ""0.7023306339102661"" },    ""acc_z"" : { ""N"" : ""1.9578781207811364"" },    ""DeviceType"" : { ""S"" : ""sensor"" },    ""PhenomenonTime"" : { ""N"" : ""1625738384440"" },    ""QuantityKind"" : { ""S"" : ""Acceleration"" }  }"
"1625738459806","{    ""acc_x"" : { ""N"" : ""1.4651441936999319"" },    ""acc_y"" : { ""N"" : ""0.06437052730170878"" },    ""acc_z"" : { ""N"" : ""1.3121548549095137"" },    ""DeviceType"" : { ""S"" : ""sensor"" },    ""PhenomenonTime"" : { ""N"" : ""1625738459446"" },    ""QuantityKind"" : { ""S"" : ""Acceleration"" }  }"
"1625738478089","{    ""acc_x"" : { ""N"" : ""1.826548533573865"" },    ""acc_y"" : { ""N"" : ""0.6626532371134701"" },    ""acc_z"" : { ""N"" : ""1.2627743369666704"" },    ""DeviceType"" : { ""S"" : ""sensor"" },    ""PhenomenonTime"" : { ""N"" : ""1625738477762"" },    ""QuantityKind"" : { ""S"" : ""Acceleration"" }  }"
"1625739922828","{    ""acc_x"" : { ""N"" : ""1.9297318730857418"" },    ""acc_y"" : { ""N"" : ""0.3882802956384974"" },    ""acc_z"" : { ""N"" : ""1.8447577344694968"" },    ""device_id"" : { ""S"" : ""device_s74"" },    ""DeviceType"" : { ""S"" : ""sensor"" },    ""PhenomenonTime"" : { ""N"" : ""1625739922502"" },    ""QuantityKind"" : { ""S"" : ""Acceleration"" }  }"
"1625739924530","{    ""acc_x"" : { ""N"" : ""1.5285623187960966"" },    ""acc_y"" : { ""N"" : ""0.07881669056217355"" },    ""acc_z"" : { ""N"" : ""0.9857030550302626"" },    ""device_id"" : { ""S"" : ""device_s79"" },    ""DeviceType"" : { ""S"" : ""sensor"" },    ""PhenomenonTime"" : { ""N"" : ""1625739924264"" },    ""QuantityKind"" : { ""S"" : ""Acceleration"" }  }"
"1625739932375","{    ""acc_x"" : { ""N"" : ""1.1609493276745853"" },    ""acc_y"" : { ""N"" : ""0.0062056990607100015"" },    ""acc_z"" : { ""N"" : ""1.5703976923447835"" },    ""device_id"" : { ""S"" : ""device_s25"" },    ""DeviceType"" : { ""S"" : ""sensor"" },    ""PhenomenonTime"" : { ""N"" : ""1625739932195"" },    ""QuantityKind"" : { ""S"" : ""Acceleration"" }  }"
"1625739937312","{    ""acc_x"" : { ""N"" : ""2.0689083715142944"" },    ""acc_y"" : { ""N"" : ""0.5698744502985699"" },    ""acc_z"" : { ""N"" : ""0.8603337575848102"" },    ""device_id"" : { ""S"" : ""device_s24"" },    ""DeviceType"" : { ""S"" : ""sensor"" },    ""PhenomenonTime"" : { ""N"" : ""1625739936975"" },    ""QuantityKind"" : { ""S"" : ""Acceleration"" }  }"
"1625739940445","{    ""acc_x"" : { ""N"" : ""1.1642942284502529"" },    ""acc_y"" : { ""N"" : ""0.6053693363762488"" },    ""acc_z"" : { ""N"" : ""0.02018750591787355"" },    ""device_id"" : { ""S"" : ""device_s34"" },    ""DeviceType"" : { ""S"" : ""sensor"" },    ""PhenomenonTime"" : { ""N"" : ""1625739939771"" },    ""QuantityKind"" : { ""S"" : ""Acceleration"" }  }"
"1625739948783","{    ""acc_x"" : { ""N"" : ""1.7589374942842655"" },    ""acc_y"" : { ""N"" : ""0.4272899902898917"" },    ""acc_z"" : { ""N"" : ""0.7946349648810018"" },    ""device_id"" : { ""S"" : ""device_s79"" },    ""DeviceType"" : { ""S"" : ""sensor"" },    ""PhenomenonTime"" : { ""N"" : ""1625739944519"" },    ""QuantityKind"" : { ""S"" : ""Acceleration"" }  }"
"1625739975851","{    ""acc_x"" : { ""N"" : ""1.808090916500528"" },    ""acc_y"" : { ""N"" : ""0.701251763693739"" },    ""acc_z"" : { ""N"" : ""0.7645541257742272"" },    ""device_id"" : { ""S"" : ""device_s38"" },    ""DeviceType"" : { ""S"" : ""sensor"" },    ""PhenomenonTime"" : { ""N"" : ""1625739975544"" },    ""QuantityKind"" : { ""S"" : ""Acceleration"" }  }"
"1625739979761","{    ""acc_x"" : { ""N"" : ""1.5433775013355817"" },    ""acc_y"" : { ""N"" : ""0.07307465778104438"" },    ""acc_z"" : { ""N"" : ""0.40576738414137914"" },    ""device_id"" : { ""S"" : ""device_s95"" },    ""DeviceType"" : { ""S"" : ""sensor"" },    ""PhenomenonTime"" : { ""N"" : ""1625739979620"" },    ""QuantityKind"" : { ""S"" : ""Acceleration"" }  }"
"1625739980804","{    ""acc_x"" : { ""N"" : ""1.105820346971605"" },    ""acc_y"" : { ""N"" : ""0.27537574679970833"" },    ""acc_z"" : { ""N"" : ""1.9045851517239365"" },    ""device_id"" : { ""S"" : ""device_s20"" },    ""DeviceType"" : { ""S"" : ""sensor"" },    ""PhenomenonTime"" : { ""N"" : ""1625739980619"" },    ""QuantityKind"" : { ""S"" : ""Acceleration"" }  }"
"1625739985205","{    ""acc_x"" : { ""N"" : ""1.2346223636113516"" },    ""acc_y"" : { ""N"" : ""0.22934237511815647"" },    ""acc_z"" : { ""N"" : ""0.1314762065629087"" },    ""device_id"" : { ""S"" : ""device_s1"" },    ""DeviceType"" : { ""S"" : ""sensor"" },    ""PhenomenonTime"" : { ""N"" : ""1625739984928"" },    ""QuantityKind"" : { ""S"" : ""Acceleration"" }  }"
"1625739989752","{    ""acc_x"" : { ""N"" : ""1.484068733728696"" },    ""acc_y"" : { ""N"" : ""0.3821504457182686"" },    ""acc_z"" : { ""N"" : ""0.569518533328937"" },    ""device_id"" : { ""S"" : ""device_s59"" },    ""DeviceType"" : { ""S"" : ""sensor"" },    ""PhenomenonTime"" : { ""N"" : ""1625739989517"" },    ""QuantityKind"" : { ""S"" : ""Acceleration"" }  }"
"1625739991500","{    ""acc_x"" : { ""N"" : ""1.492585086899305"" },    ""acc_y"" : { ""N"" : ""0.7946988169868162"" },    ""acc_z"" : { ""N"" : ""1.0051088078961143"" },    ""device_id"" : { ""S"" : ""device_s77"" },    ""DeviceType"" : { ""S"" : ""sensor"" },    ""PhenomenonTime"" : { ""N"" : ""1625739991249"" },    ""QuantityKind"" : { ""S"" : ""Acceleration"" }  }"
"1625739992024","{    ""acc_x"" : { ""N"" : ""1.3138162026830664"" },    ""acc_y"" : { ""N"" : ""0.6411400116266901"" },    ""acc_z"" : { ""N"" : ""0.6235238102862461"" },    ""device_id"" : { ""S"" : ""device_s38"" },    ""DeviceType"" : { ""S"" : ""sensor"" },    ""PhenomenonTime"" : { ""N"" : ""1625739991813"" },    ""QuantityKind"" : { ""S"" : ""Acceleration"" }  }"
"1625739992540","{    ""acc_x"" : { ""N"" : ""1.726147280919133"" },    ""acc_y"" : { ""N"" : ""0.6286634788204896"" },    ""acc_z"" : { ""N"" : ""1.0837600399320946"" },    ""device_id"" : { ""S"" : ""device_s23"" },    ""DeviceType"" : { ""S"" : ""sensor"" },    ""PhenomenonTime"" : { ""N"" : ""1625739992361"" },    ""QuantityKind"" : { ""S"" : ""Acceleration"" }  }"
"1625739992771","{    ""acc_x"" : { ""N"" : ""2.060332273743415"" },    ""acc_y"" : { ""N"" : ""0.2995738366330104"" },    ""acc_z"" : { ""N"" : ""0.77214316437403"" },    ""device_id"" : { ""S"" : ""device_s65"" },    ""DeviceType"" : { ""S"" : ""sensor"" },    ""PhenomenonTime"" : { ""N"" : ""1625739992569"" },    ""QuantityKind"" : { ""S"" : ""Acceleration"" }  }"
"1625739993477","{    ""acc_x"" : { ""N"" : ""2.266945028047694"" },    ""acc_y"" : { ""N"" : ""0.16517086326118524"" },    ""acc_z"" : { ""N"" : ""1.025792709481464"" },    ""device_id"" : { ""S"" : ""device_s31"" },    ""DeviceType"" : { ""S"" : ""sensor"" },    ""PhenomenonTime"" : { ""N"" : ""1625739993237"" },    ""QuantityKind"" : { ""S"" : ""Acceleration"" }  }"
"1625739995840","{    ""acc_x"" : { ""N"" : ""1.249243524824072"" },    ""acc_y"" : { ""N"" : ""0.4379613285131997"" },    ""acc_z"" : { ""N"" : ""1.7828334459818183"" },    ""device_id"" : { ""S"" : ""device_s45"" },    ""DeviceType"" : { ""S"" : ""sensor"" },    ""PhenomenonTime"" : { ""N"" : ""1625739995559"" },    ""QuantityKind"" : { ""S"" : ""Acceleration"" }  }"
"1625739998730","{    ""acc_x"" : { ""N"" : ""1.762293236078167"" },    ""acc_y"" : { ""N"" : ""0.5038504874554349"" },    ""acc_z"" : { ""N"" : ""1.538009286655116"" },    ""device_id"" : { ""S"" : ""device_s25"" },    ""DeviceType"" : { ""S"" : ""sensor"" },    ""PhenomenonTime"" : { ""N"" : ""1625739998503"" },    ""QuantityKind"" : { ""S"" : ""Acceleration"" }  }"
"1625740004266","{    ""acc_x"" : { ""N"" : ""2.1979443278566637"" },    ""acc_y"" : { ""N"" : ""0.9531852031975001"" },    ""acc_z"" : { ""N"" : ""0.3535446230362309"" },    ""device_id"" : { ""S"" : ""device_s93"" },    ""DeviceType"" : { ""S"" : ""sensor"" },    ""PhenomenonTime"" : { ""N"" : ""1625740003971"" },    ""QuantityKind"" : { ""S"" : ""Acceleration"" }  }"
"1625740008369","{    ""acc_x"" : { ""N"" : ""2.0271126338861194"" },    ""acc_y"" : { ""N"" : ""0.9356647703995731"" },    ""acc_z"" : { ""N"" : ""1.8980566683455158"" },    ""device_id"" : { ""S"" : ""device_s48"" },    ""DeviceType"" : { ""S"" : ""sensor"" },    ""PhenomenonTime"" : { ""N"" : ""1625740008174"" },    ""QuantityKind"" : { ""S"" : ""Acceleration"" }  }"
"1625740012201","{    ""acc_x"" : { ""N"" : ""1.1033587960648594"" },    ""acc_y"" : { ""N"" : ""0.2024094675734387"" },    ""acc_z"" : { ""N"" : ""1.5413842774153725"" },    ""device_id"" : { ""S"" : ""device_s30"" },    ""DeviceType"" : { ""S"" : ""sensor"" },    ""PhenomenonTime"" : { ""N"" : ""1625740011983"" },    ""QuantityKind"" : { ""S"" : ""Acceleration"" }  }"
"1625740012976","{    ""acc_x"" : { ""N"" : ""1.3485868336662876"" },    ""acc_y"" : { ""N"" : ""0.5612788230875027"" },    ""acc_z"" : { ""N"" : ""1.0954348257323765"" },    ""device_id"" : { ""S"" : ""device_s80"" },    ""DeviceType"" : { ""S"" : ""sensor"" },    ""PhenomenonTime"" : { ""N"" : ""1625740012795"" },    ""QuantityKind"" : { ""S"" : ""Acceleration"" }  }"
"1625740013490","{    ""acc_x"" : { ""N"" : ""2.031365955483846"" },    ""acc_y"" : { ""N"" : ""0.6816455322371391"" },    ""acc_z"" : { ""N"" : ""1.6395603353341095"" },    ""device_id"" : { ""S"" : ""device_s35"" },    ""DeviceType"" : { ""S"" : ""sensor"" },    ""PhenomenonTime"" : { ""N"" : ""1625740013247"" },    ""QuantityKind"" : { ""S"" : ""Acceleration"" }  }"
"1625740014022","{    ""acc_x"" : { ""N"" : ""1.1595375797230294"" },    ""acc_y"" : { ""N"" : ""0.42680800493291027"" },    ""acc_z"" : { ""N"" : ""1.9845351230122243"" },    ""device_id"" : { ""S"" : ""device_s22"" },    ""DeviceType"" : { ""S"" : ""sensor"" },    ""PhenomenonTime"" : { ""N"" : ""1625740013758"" },    ""QuantityKind"" : { ""S"" : ""Acceleration"" }  }"
"1625740016082","{    ""acc_x"" : { ""N"" : ""1.3450830494857864"" },    ""acc_y"" : { ""N"" : ""0.17390820230692405"" },    ""acc_z"" : { ""N"" : ""1.1522034805069576"" },    ""device_id"" : { ""S"" : ""device_s70"" },    ""DeviceType"" : { ""S"" : ""sensor"" },    ""PhenomenonTime"" : { ""N"" : ""1625740015853"" },    ""QuantityKind"" : { ""S"" : ""Acceleration"" }  }"
"1625740018031","{    ""acc_x"" : { ""N"" : ""1.1532156004098986"" },    ""acc_y"" : { ""N"" : ""0.24819010054987822"" },    ""acc_z"" : { ""N"" : ""1.5495934357588366"" },    ""device_id"" : { ""S"" : ""device_s91"" },    ""DeviceType"" : { ""S"" : ""sensor"" },    ""PhenomenonTime"" : { ""N"" : ""1625740017514"" },    ""QuantityKind"" : { ""S"" : ""Acceleration"" }  }"
"1625740019888","{    ""acc_x"" : { ""N"" : ""1.2595702252742673"" },    ""acc_y"" : { ""N"" : ""0.029789546660271227"" },    ""acc_z"" : { ""N"" : ""0.5958158290390281"" },    ""device_id"" : { ""S"" : ""device_s1"" },    ""DeviceType"" : { ""S"" : ""sensor"" },    ""PhenomenonTime"" : { ""N"" : ""1625740019477"" },    ""QuantityKind"" : { ""S"" : ""Acceleration"" }  }"
"1625740020013","{    ""acc_x"" : { ""N"" : ""1.2398069464022354"" },    ""acc_y"" : { ""N"" : ""0.21935338089973788"" },    ""acc_z"" : { ""N"" : ""0.8288632071974742"" },    ""device_id"" : { ""S"" : ""device_s40"" },    ""DeviceType"" : { ""S"" : ""sensor"" },    ""PhenomenonTime"" : { ""N"" : ""1625740019549"" },    ""QuantityKind"" : { ""S"" : ""Acceleration"" }  }"
"1625740020558","{    ""acc_x"" : { ""N"" : ""2.1367252307275604"" },    ""acc_y"" : { ""N"" : ""0.6982104513148283"" },    ""acc_z"" : { ""N"" : ""0.25089273044801286"" },    ""device_id"" : { ""S"" : ""device_s37"" },    ""DeviceType"" : { ""S"" : ""sensor"" },    ""PhenomenonTime"" : { ""N"" : ""1625740020223"" },    ""QuantityKind"" : { ""S"" : ""Acceleration"" }  }"
"1625740020642","{    ""acc_x"" : { ""N"" : ""1.696470788946663"" },    ""acc_y"" : { ""N"" : ""0.953809570481539"" },    ""acc_z"" : { ""N"" : ""0.5213136068476105"" },    ""device_id"" : { ""S"" : ""device_s89"" },    ""DeviceType"" : { ""S"" : ""sensor"" },    ""PhenomenonTime"" : { ""N"" : ""1625740020346"" },    ""QuantityKind"" : { ""S"" : ""Acceleration"" }  }"
"1625740021339","{    ""acc_x"" : { ""N"" : ""1.2235650617057334"" },    ""acc_y"" : { ""N"" : ""0.6448440664020455"" },    ""acc_z"" : { ""N"" : ""0.25355870108303913"" },    ""device_id"" : { ""S"" : ""device_s44"" },    ""DeviceType"" : { ""S"" : ""sensor"" },    ""PhenomenonTime"" : { ""N"" : ""1625740021130"" },    ""QuantityKind"" : { ""S"" : ""Acceleration"" }  }"
"1625740022868","{    ""acc_x"" : { ""N"" : ""1.7636778211238808"" },    ""acc_y"" : { ""N"" : ""0.12174494147137604"" },    ""acc_z"" : { ""N"" : ""0.05859996095743436"" },    ""device_id"" : { ""S"" : ""device_s60"" },    ""DeviceType"" : { ""S"" : ""sensor"" },    ""PhenomenonTime"" : { ""N"" : ""1625740022659"" },    ""QuantityKind"" : { ""S"" : ""Acceleration"" }  }"
"1625740023889","{    ""acc_x"" : { ""N"" : ""1.255141091931916"" },    ""acc_y"" : { ""N"" : ""0.18304671090224756"" },    ""acc_z"" : { ""N"" : ""1.811410014101914"" },    ""device_id"" : { ""S"" : ""device_s34"" },    ""DeviceType"" : { ""S"" : ""sensor"" },    ""PhenomenonTime"" : { ""N"" : ""1625740023587"" },    ""QuantityKind"" : { ""S"" : ""Acceleration"" }  }"
"1625740024403","{    ""acc_x"" : { ""N"" : ""1.833217124576509"" },    ""acc_y"" : { ""N"" : ""0.1426719964568447"" },    ""acc_z"" : { ""N"" : ""0.8187152832558688"" },    ""device_id"" : { ""S"" : ""device_s21"" },    ""DeviceType"" : { ""S"" : ""sensor"" },    ""PhenomenonTime"" : { ""N"" : ""1625740024210"" },    ""QuantityKind"" : { ""S"" : ""Acceleration"" }  }"
"1625740026548","{    ""acc_x"" : { ""N"" : ""1.7587478403650907"" },    ""acc_y"" : { ""N"" : ""0.8452646082030031"" },    ""acc_z"" : { ""N"" : ""1.7976027981352838"" },    ""device_id"" : { ""S"" : ""device_s82"" },    ""DeviceType"" : { ""S"" : ""sensor"" },    ""PhenomenonTime"" : { ""N"" : ""1625740026219"" },    ""QuantityKind"" : { ""S"" : ""Acceleration"" }  }"
"1625740027504","{    ""acc_x"" : { ""N"" : ""2.028736128115195"" },    ""acc_y"" : { ""N"" : ""0.1940643338282183"" },    ""acc_z"" : { ""N"" : ""0.16858323882637727"" },    ""device_id"" : { ""S"" : ""device_s5"" },    ""DeviceType"" : { ""S"" : ""sensor"" },    ""PhenomenonTime"" : { ""N"" : ""1625740027277"" },    ""QuantityKind"" : { ""S"" : ""Acceleration"" }  }"
"1625740027744","{    ""acc_x"" : { ""N"" : ""1.1494641154446186"" },    ""acc_y"" : { ""N"" : ""0.4494138872707203"" },    ""acc_z"" : { ""N"" : ""1.5283220844133871"" },    ""device_id"" : { ""S"" : ""device_s20"" },    ""DeviceType"" : { ""S"" : ""sensor"" },    ""PhenomenonTime"" : { ""N"" : ""1625740027509"" },    ""QuantityKind"" : { ""S"" : ""Acceleration"" }  }"
"1625740029575","{    ""acc_x"" : { ""N"" : ""1.5562787251888204"" },    ""acc_y"" : { ""N"" : ""0.4097062708260615"" },    ""acc_z"" : { ""N"" : ""1.6466451947717204"" },    ""device_id"" : { ""S"" : ""device_s88"" },    ""DeviceType"" : { ""S"" : ""sensor"" },    ""PhenomenonTime"" : { ""N"" : ""1625740029403"" },    ""QuantityKind"" : { ""S"" : ""Acceleration"" }  }"
"1625740031889","{    ""acc_x"" : { ""N"" : ""1.5542100629954219"" },    ""acc_y"" : { ""N"" : ""0.5869514109872044"" },    ""acc_z"" : { ""N"" : ""0.1651823668308383"" },    ""device_id"" : { ""S"" : ""device_s37"" },    ""DeviceType"" : { ""S"" : ""sensor"" },    ""PhenomenonTime"" : { ""N"" : ""1625740031607"" },    ""QuantityKind"" : { ""S"" : ""Acceleration"" }  }"
"1625740033684","{    ""acc_x"" : { ""N"" : ""1.9012538762377174"" },    ""acc_y"" : { ""N"" : ""0.15070388259614975"" },    ""acc_z"" : { ""N"" : ""1.2087458026556301"" },    ""device_id"" : { ""S"" : ""device_s72"" },    ""DeviceType"" : { ""S"" : ""sensor"" },    ""PhenomenonTime"" : { ""N"" : ""1625740033445"" },    ""QuantityKind"" : { ""S"" : ""Acceleration"" }  }"
"1625740035743","{    ""acc_x"" : { ""N"" : ""1.3845636111804231"" },    ""acc_y"" : { ""N"" : ""0.6920660922672719"" },    ""acc_z"" : { ""N"" : ""0.8778794688976634"" },    ""device_id"" : { ""S"" : ""device_s78"" },    ""DeviceType"" : { ""S"" : ""sensor"" },    ""PhenomenonTime"" : { ""N"" : ""1625740035379"" },    ""QuantityKind"" : { ""S"" : ""Acceleration"" }  }"
"1625740036446","{    ""acc_x"" : { ""N"" : ""2.2704638669770274"" },    ""acc_y"" : { ""N"" : ""0.029111037087590663"" },    ""acc_z"" : { ""N"" : ""1.1808500177245989"" },    ""device_id"" : { ""S"" : ""device_s17"" },    ""DeviceType"" : { ""S"" : ""sensor"" },    ""PhenomenonTime"" : { ""N"" : ""1625740036201"" },    ""QuantityKind"" : { ""S"" : ""Acceleration"" }  }"
"1625740039154","{    ""acc_x"" : { ""N"" : ""1.3076442318696941"" },    ""acc_y"" : { ""N"" : ""0.09867914398155131"" },    ""acc_z"" : { ""N"" : ""1.2311776484033634"" },    ""device_id"" : { ""S"" : ""device_s57"" },    ""DeviceType"" : { ""S"" : ""sensor"" },    ""PhenomenonTime"" : { ""N"" : ""1625740038938"" },    ""QuantityKind"" : { ""S"" : ""Acceleration"" }  }"
"1625740042223","{    ""acc_x"" : { ""N"" : ""1.7211001320006432"" },    ""acc_y"" : { ""N"" : ""0.3086042903664339"" },    ""acc_z"" : { ""N"" : ""1.7443114659384382"" },    ""device_id"" : { ""S"" : ""device_s62"" },    ""DeviceType"" : { ""S"" : ""sensor"" },    ""PhenomenonTime"" : { ""N"" : ""1625740041997"" },    ""QuantityKind"" : { ""S"" : ""Acceleration"" }  }"
"1625740042246","{    ""acc_x"" : { ""N"" : ""1.7765453566423033"" },    ""acc_y"" : { ""N"" : ""0.7166638457081173"" },    ""acc_z"" : { ""N"" : ""1.5863920546222186"" },    ""device_id"" : { ""S"" : ""device_s20"" },    ""DeviceType"" : { ""S"" : ""sensor"" },    ""PhenomenonTime"" : { ""N"" : ""1625740042085"" },    ""QuantityKind"" : { ""S"" : ""Acceleration"" }  }"
"1625740043703","{    ""acc_x"" : { ""N"" : ""2.107425509434837"" },    ""acc_y"" : { ""N"" : ""0.16383101838887193"" },    ""acc_z"" : { ""N"" : ""1.1966776404966395"" },    ""device_id"" : { ""S"" : ""device_s54"" },    ""DeviceType"" : { ""S"" : ""sensor"" },    ""PhenomenonTime"" : { ""N"" : ""1625740043489"" },    ""QuantityKind"" : { ""S"" : ""Acceleration"" }  }"
"1625740044654","{    ""acc_x"" : { ""N"" : ""1.4543521547792624"" },    ""acc_y"" : { ""N"" : ""0.8853720084622675"" },    ""acc_z"" : { ""N"" : ""0.2460081303345072"" },    ""device_id"" : { ""S"" : ""device_s58"" },    ""DeviceType"" : { ""S"" : ""sensor"" },    ""PhenomenonTime"" : { ""N"" : ""1625740044448"" },    ""QuantityKind"" : { ""S"" : ""Acceleration"" }  }"
"1625740045282","{    ""acc_x"" : { ""N"" : ""1.9684405171998116"" },    ""acc_y"" : { ""N"" : ""0.3593847876681575"" },    ""acc_z"" : { ""N"" : ""0.03822465767415917"" },    ""device_id"" : { ""S"" : ""device_s51"" },    ""DeviceType"" : { ""S"" : ""sensor"" },    ""PhenomenonTime"" : { ""N"" : ""1625740044919"" },    ""QuantityKind"" : { ""S"" : ""Acceleration"" }  }"
"1625740046476","{    ""acc_x"" : { ""N"" : ""1.5580007166092031"" },    ""acc_y"" : { ""N"" : ""0.8520382742300397"" },    ""acc_z"" : { ""N"" : ""1.3003559601048693"" },    ""device_id"" : { ""S"" : ""device_s9"" },    ""DeviceType"" : { ""S"" : ""sensor"" },    ""PhenomenonTime"" : { ""N"" : ""1625740046253"" },    ""QuantityKind"" : { ""S"" : ""Acceleration"" }  }"
"1625740049693","{    ""acc_x"" : { ""N"" : ""2.0982738753206975"" },    ""acc_y"" : { ""N"" : ""0.6796170469683808"" },    ""acc_z"" : { ""N"" : ""0.9153060510357023"" },    ""device_id"" : { ""S"" : ""device_s60"" },    ""DeviceType"" : { ""S"" : ""sensor"" },    ""PhenomenonTime"" : { ""N"" : ""1625740049485"" },    ""QuantityKind"" : { ""S"" : ""Acceleration"" }  }"
"1625740051885","{    ""acc_x"" : { ""N"" : ""2.288923719595158"" },    ""acc_y"" : { ""N"" : ""0.2551987984108962"" },    ""acc_z"" : { ""N"" : ""0.008533423270231655"" },    ""device_id"" : { ""S"" : ""device_s11"" },    ""DeviceType"" : { ""S"" : ""sensor"" },    ""PhenomenonTime"" : { ""N"" : ""1625740051464"" },    ""QuantityKind"" : { ""S"" : ""Acceleration"" }  }"
"1625740055838","{    ""acc_x"" : { ""N"" : ""1.6132600809171396"" },    ""acc_y"" : { ""N"" : ""0.32441517578384227"" },    ""acc_z"" : { ""N"" : ""1.04672769923049"" },    ""device_id"" : { ""S"" : ""device_s73"" },    ""DeviceType"" : { ""S"" : ""sensor"" },    ""PhenomenonTime"" : { ""N"" : ""1625740055609"" },    ""QuantityKind"" : { ""S"" : ""Acceleration"" }  }"
"1625740056016","{    ""acc_x"" : { ""N"" : ""2.13403304711669"" },    ""acc_y"" : { ""N"" : ""0.1052249495989468"" },    ""acc_z"" : { ""N"" : ""1.1903126855386186"" },    ""device_id"" : { ""S"" : ""device_s73"" },    ""DeviceType"" : { ""S"" : ""sensor"" },    ""PhenomenonTime"" : { ""N"" : ""1625740055786"" },    ""QuantityKind"" : { ""S"" : ""Acceleration"" }  }"
"1625740057904","{    ""acc_x"" : { ""N"" : ""1.0313038931524245"" },    ""acc_y"" : { ""N"" : ""0.16143057266867167"" },    ""acc_z"" : { ""N"" : ""0.9055465783663159"" },    ""device_id"" : { ""S"" : ""device_s77"" },    ""DeviceType"" : { ""S"" : ""sensor"" },    ""PhenomenonTime"" : { ""N"" : ""1625740057736"" },    ""QuantityKind"" : { ""S"" : ""Acceleration"" }  }"
"1625740061914","{    ""acc_x"" : { ""N"" : ""1.6910741672441727"" },    ""acc_y"" : { ""N"" : ""0.9297095520329354"" },    ""acc_z"" : { ""N"" : ""0.5889035925170274"" },    ""device_id"" : { ""S"" : ""device_s89"" },    ""DeviceType"" : { ""S"" : ""sensor"" },    ""PhenomenonTime"" : { ""N"" : ""1625740061717"" },    ""QuantityKind"" : { ""S"" : ""Acceleration"" }  }"
"1625740065145","{    ""acc_x"" : { ""N"" : ""1.1172668390256164"" },    ""acc_y"" : { ""N"" : ""0.44490427143253775"" },    ""acc_z"" : { ""N"" : ""1.0873158718151774"" },    ""device_id"" : { ""S"" : ""device_s31"" },    ""DeviceType"" : { ""S"" : ""sensor"" },    ""PhenomenonTime"" : { ""N"" : ""1625740064925"" },    ""QuantityKind"" : { ""S"" : ""Acceleration"" }  }"
"1625740067092","{    ""acc_x"" : { ""N"" : ""2.2418536489957246"" },    ""acc_y"" : { ""N"" : ""0.37712167463076984"" },    ""acc_z"" : { ""N"" : ""0.2201540556792505"" },    ""device_id"" : { ""S"" : ""device_s85"" },    ""DeviceType"" : { ""S"" : ""sensor"" },    ""PhenomenonTime"" : { ""N"" : ""1625740066858"" },    ""QuantityKind"" : { ""S"" : ""Acceleration"" }  }"
"1625740068248","{    ""acc_x"" : { ""N"" : ""2.0401724866637476"" },    ""acc_y"" : { ""N"" : ""0.04292330973953573"" },    ""acc_z"" : { ""N"" : ""0.7572298041528585"" },    ""device_id"" : { ""S"" : ""device_s67"" },    ""DeviceType"" : { ""S"" : ""sensor"" },    ""PhenomenonTime"" : { ""N"" : ""1625740068074"" },    ""QuantityKind"" : { ""S"" : ""Acceleration"" }  }"
"1625740070989","{    ""acc_x"" : { ""N"" : ""2.208086714253585"" },    ""acc_y"" : { ""N"" : ""0.4424745911344188"" },    ""acc_z"" : { ""N"" : ""0.5008573290158298"" },    ""device_id"" : { ""S"" : ""device_s32"" },    ""DeviceType"" : { ""S"" : ""sensor"" },    ""PhenomenonTime"" : { ""N"" : ""1625740070824"" },    ""QuantityKind"" : { ""S"" : ""Acceleration"" }  }"
"1625740074441","{    ""acc_x"" : { ""N"" : ""2.241953332555677"" },    ""acc_y"" : { ""N"" : ""0.765365818455251"" },    ""acc_z"" : { ""N"" : ""1.8562256332645577"" },    ""device_id"" : { ""S"" : ""device_s74"" },    ""DeviceType"" : { ""S"" : ""sensor"" },    ""PhenomenonTime"" : { ""N"" : ""1625740074164"" },    ""QuantityKind"" : { ""S"" : ""Acceleration"" }  }"
"1625740074756","{    ""acc_x"" : { ""N"" : ""1.3952411071808948"" },    ""acc_y"" : { ""N"" : ""0.7016592904203262"" },    ""acc_z"" : { ""N"" : ""0.06012464838758813"" },    ""device_id"" : { ""S"" : ""device_s16"" },    ""DeviceType"" : { ""S"" : ""sensor"" },    ""PhenomenonTime"" : { ""N"" : ""1625740074498"" },    ""QuantityKind"" : { ""S"" : ""Acceleration"" }  }"
"1625740074860","{    ""acc_x"" : { ""N"" : ""2.280237941481964"" },    ""acc_y"" : { ""N"" : ""0.0005270636158881681"" },    ""acc_z"" : { ""N"" : ""0.564242505245182"" },    ""device_id"" : { ""S"" : ""device_s90"" },    ""DeviceType"" : { ""S"" : ""sensor"" },    ""PhenomenonTime"" : { ""N"" : ""1625740074664"" },    ""QuantityKind"" : { ""S"" : ""Acceleration"" }  }"
"1625740075810","{    ""acc_x"" : { ""N"" : ""1.1450653857622248"" },    ""acc_y"" : { ""N"" : ""0.598567013910245"" },    ""acc_z"" : { ""N"" : ""0.5079445498439854"" },    ""device_id"" : { ""S"" : ""device_s59"" },    ""DeviceType"" : { ""S"" : ""sensor"" },    ""PhenomenonTime"" : { ""N"" : ""1625740075572"" },    ""QuantityKind"" : { ""S"" : ""Acceleration"" }  }"
"1625740078791","{    ""acc_x"" : { ""N"" : ""1.4675707996516045"" },    ""acc_y"" : { ""N"" : ""0.42186857166008795"" },    ""acc_z"" : { ""N"" : ""1.1596793305000512"" },    ""device_id"" : { ""S"" : ""device_s49"" },    ""DeviceType"" : { ""S"" : ""sensor"" },    ""PhenomenonTime"" : { ""N"" : ""1625740078571"" },    ""QuantityKind"" : { ""S"" : ""Acceleration"" }  }"
"1625740078902","{    ""acc_x"" : { ""N"" : ""1.8502828083193479"" },    ""acc_y"" : { ""N"" : ""0.5951058709942765"" },    ""acc_z"" : { ""N"" : ""0.7960962458975853"" },    ""device_id"" : { ""S"" : ""device_s72"" },    ""DeviceType"" : { ""S"" : ""sensor"" },    ""PhenomenonTime"" : { ""N"" : ""1625740078675"" },    ""QuantityKind"" : { ""S"" : ""Acceleration"" }  }"
"1625740079128","{    ""acc_x"" : { ""N"" : ""2.210200657975556"" },    ""acc_y"" : { ""N"" : ""0.44569305773293255"" },    ""acc_z"" : { ""N"" : ""0.45381506544775996"" },    ""device_id"" : { ""S"" : ""device_s48"" },    ""DeviceType"" : { ""S"" : ""sensor"" },    ""PhenomenonTime"" : { ""N"" : ""1625740078939"" },    ""QuantityKind"" : { ""S"" : ""Acceleration"" }  }"
"1625740080710","{    ""acc_x"" : { ""N"" : ""1.6293849604705875"" },    ""acc_y"" : { ""N"" : ""0.3687975495823088"" },    ""acc_z"" : { ""N"" : ""1.6140696117421118"" },    ""device_id"" : { ""S"" : ""device_s72"" },    ""DeviceType"" : { ""S"" : ""sensor"" },    ""PhenomenonTime"" : { ""N"" : ""1625740080521"" },    ""QuantityKind"" : { ""S"" : ""Acceleration"" }  }"
"1625740085990","{    ""acc_x"" : { ""N"" : ""1.1284280923057846"" },    ""acc_y"" : { ""N"" : ""0.12225767017814759"" },    ""acc_z"" : { ""N"" : ""0.2136384136321372"" },    ""device_id"" : { ""S"" : ""device_s22"" },    ""DeviceType"" : { ""S"" : ""sensor"" },    ""PhenomenonTime"" : { ""N"" : ""1625740085552"" },    ""QuantityKind"" : { ""S"" : ""Acceleration"" }  }"
"1625740087295","{    ""acc_x"" : { ""N"" : ""1.083036308110986"" },    ""acc_y"" : { ""N"" : ""0.13908076350981147"" },    ""acc_z"" : { ""N"" : ""1.0396778515605207"" },    ""device_id"" : { ""S"" : ""device_s100"" },    ""DeviceType"" : { ""S"" : ""sensor"" },    ""PhenomenonTime"" : { ""N"" : ""1625740087077"" },    ""QuantityKind"" : { ""S"" : ""Acceleration"" }  }"
"1625740089064","{    ""acc_x"" : { ""N"" : ""1.1836038607421118"" },    ""acc_y"" : { ""N"" : ""0.7400096936517556"" },    ""acc_z"" : { ""N"" : ""0.6537688819657042"" },    ""device_id"" : { ""S"" : ""device_s74"" },    ""DeviceType"" : { ""S"" : ""sensor"" },    ""PhenomenonTime"" : { ""N"" : ""1625740088641"" },    ""QuantityKind"" : { ""S"" : ""Acceleration"" }  }"
"1625740092801","{    ""acc_x"" : { ""N"" : ""1.0734597101418424"" },    ""acc_y"" : { ""N"" : ""0.7891695273008431"" },    ""acc_z"" : { ""N"" : ""1.4927356456678436"" },    ""device_id"" : { ""S"" : ""device_s87"" },    ""DeviceType"" : { ""S"" : ""sensor"" },    ""PhenomenonTime"" : { ""N"" : ""1625740092609"" },    ""QuantityKind"" : { ""S"" : ""Acceleration"" }  }"
"1625740092932","{    ""acc_x"" : { ""N"" : ""2.180460589726112"" },    ""acc_y"" : { ""N"" : ""0.030680433692880427"" },    ""acc_z"" : { ""N"" : ""0.9534992583826418"" },    ""device_id"" : { ""S"" : ""device_s57"" },    ""DeviceType"" : { ""S"" : ""sensor"" },    ""PhenomenonTime"" : { ""N"" : ""1625740092741"" },    ""QuantityKind"" : { ""S"" : ""Acceleration"" }  }"
"1625740095846","{    ""acc_x"" : { ""N"" : ""1.1269097068295892"" },    ""acc_y"" : { ""N"" : ""0.045551593286358605"" },    ""acc_z"" : { ""N"" : ""0.721732462933039"" },    ""device_id"" : { ""S"" : ""device_s20"" },    ""DeviceType"" : { ""S"" : ""sensor"" },    ""PhenomenonTime"" : { ""N"" : ""1625740095311"" },    ""QuantityKind"" : { ""S"" : ""Acceleration"" }  }"
"1625740096504","{    ""acc_x"" : { ""N"" : ""1.7976541038037765"" },    ""acc_y"" : { ""N"" : ""0.09487680529045495"" },    ""acc_z"" : { ""N"" : ""1.6959470696793224"" },    ""device_id"" : { ""S"" : ""device_s8"" },    ""DeviceType"" : { ""S"" : ""sensor"" },    ""PhenomenonTime"" : { ""N"" : ""1625740095928"" },    ""QuantityKind"" : { ""S"" : ""Acceleration"" }  }"
"1625740098555","{    ""acc_x"" : { ""N"" : ""1.4402651726328362"" },    ""acc_y"" : { ""N"" : ""0.7613532434699812"" },    ""acc_z"" : { ""N"" : ""0.6420037375050509"" },    ""device_id"" : { ""S"" : ""device_s30"" },    ""DeviceType"" : { ""S"" : ""sensor"" },    ""PhenomenonTime"" : { ""N"" : ""1625740098350"" },    ""QuantityKind"" : { ""S"" : ""Acceleration"" }  }"
"1625740102749","{    ""acc_x"" : { ""N"" : ""1.7856692277605735"" },    ""acc_y"" : { ""N"" : ""0.20295486518530292"" },    ""acc_z"" : { ""N"" : ""1.111308036415317"" },    ""device_id"" : { ""S"" : ""device_s5"" },    ""DeviceType"" : { ""S"" : ""sensor"" },    ""PhenomenonTime"" : { ""N"" : ""1625740102388"" },    ""QuantityKind"" : { ""S"" : ""Acceleration"" }  }"
"1625740105694","{    ""acc_x"" : { ""N"" : ""1.5830770967222567"" },    ""acc_y"" : { ""N"" : ""0.24125598736763865"" },    ""acc_z"" : { ""N"" : ""0.5936120150040212"" },    ""device_id"" : { ""S"" : ""device_s95"" },    ""DeviceType"" : { ""S"" : ""sensor"" },    ""PhenomenonTime"" : { ""N"" : ""1625740105375"" },    ""QuantityKind"" : { ""S"" : ""Acceleration"" }  }"
"1625740109728","{    ""acc_x"" : { ""N"" : ""1.1921485360800155"" },    ""acc_y"" : { ""N"" : ""0.3821865922900004"" },    ""acc_z"" : { ""N"" : ""1.2968541230277373"" },    ""device_id"" : { ""S"" : ""device_s79"" },    ""DeviceType"" : { ""S"" : ""sensor"" },    ""PhenomenonTime"" : { ""N"" : ""1625740109475"" },    ""QuantityKind"" : { ""S"" : ""Acceleration"" }  }"
"1625740111397","{    ""acc_x"" : { ""N"" : ""2.0700861410566427"" },    ""acc_y"" : { ""N"" : ""0.3094116936864204"" },    ""acc_z"" : { ""N"" : ""0.9860632247198473"" },    ""device_id"" : { ""S"" : ""device_s30"" },    ""DeviceType"" : { ""S"" : ""sensor"" },    ""PhenomenonTime"" : { ""N"" : ""1625740111190"" },    ""QuantityKind"" : { ""S"" : ""Acceleration"" }  }"
"1625740113381","{    ""acc_x"" : { ""N"" : ""1.6475235414246776"" },    ""acc_y"" : { ""N"" : ""0.8878178629849653"" },    ""acc_z"" : { ""N"" : ""1.300801390922317"" },    ""device_id"" : { ""S"" : ""device_s90"" },    ""DeviceType"" : { ""S"" : ""sensor"" },    ""PhenomenonTime"" : { ""N"" : ""1625740112955"" },    ""QuantityKind"" : { ""S"" : ""Acceleration"" }  }"
"1625740115563","{    ""acc_x"" : { ""N"" : ""1.744634471031734"" },    ""acc_y"" : { ""N"" : ""0.8295849804548736"" },    ""acc_z"" : { ""N"" : ""0.5329847815404976"" },    ""device_id"" : { ""S"" : ""device_s77"" },    ""DeviceType"" : { ""S"" : ""sensor"" },    ""PhenomenonTime"" : { ""N"" : ""1625740115315"" },    ""QuantityKind"" : { ""S"" : ""Acceleration"" }  }"
"1625740116182","{    ""acc_x"" : { ""N"" : ""1.6178114129429733"" },    ""acc_y"" : { ""N"" : ""0.6115356508512683"" },    ""acc_z"" : { ""N"" : ""1.1182243737692787"" },    ""device_id"" : { ""S"" : ""device_s15"" },    ""DeviceType"" : { ""S"" : ""sensor"" },    ""PhenomenonTime"" : { ""N"" : ""1625740115888"" },    ""QuantityKind"" : { ""S"" : ""Acceleration"" }  }"
"1625740116915","{    ""acc_x"" : { ""N"" : ""1.9691666164031256"" },    ""acc_y"" : { ""N"" : ""0.41329612516135317"" },    ""acc_z"" : { ""N"" : ""1.5137347151971605"" },    ""device_id"" : { ""S"" : ""device_s1"" },    ""DeviceType"" : { ""S"" : ""sensor"" },    ""PhenomenonTime"" : { ""N"" : ""1625740116746"" },    ""QuantityKind"" : { ""S"" : ""Acceleration"" }  }"
"1625740119058","{    ""acc_x"" : { ""N"" : ""1.3026512782530149"" },    ""acc_y"" : { ""N"" : ""0.9918787254814477"" },    ""acc_z"" : { ""N"" : ""0.8026251586537563"" },    ""device_id"" : { ""S"" : ""device_s53"" },    ""DeviceType"" : { ""S"" : ""sensor"" },    ""PhenomenonTime"" : { ""N"" : ""1625740118083"" },    ""QuantityKind"" : { ""S"" : ""Acceleration"" }  }"
"1625740120769","{    ""acc_x"" : { ""N"" : ""2.273323077592682"" },    ""acc_y"" : { ""N"" : ""0.8606169868544309"" },    ""acc_z"" : { ""N"" : ""0.057539225247826176"" },    ""device_id"" : { ""S"" : ""device_s91"" },    ""DeviceType"" : { ""S"" : ""sensor"" },    ""PhenomenonTime"" : { ""N"" : ""1625740120524"" },    ""QuantityKind"" : { ""S"" : ""Acceleration"" }  }"
"1625740121184","{    ""acc_x"" : { ""N"" : ""1.3009261272483503"" },    ""acc_y"" : { ""N"" : ""0.10762992565743623"" },    ""acc_z"" : { ""N"" : ""1.7392017232541923"" },    ""device_id"" : { ""S"" : ""device_s74"" },    ""DeviceType"" : { ""S"" : ""sensor"" },    ""PhenomenonTime"" : { ""N"" : ""1625740120918"" },    ""QuantityKind"" : { ""S"" : ""Acceleration"" }  }"
"1625740121894","{    ""acc_x"" : { ""N"" : ""1.5141475676075062"" },    ""acc_y"" : { ""N"" : ""0.010206095567163231"" },    ""acc_z"" : { ""N"" : ""0.13228278477604505"" },    ""device_id"" : { ""S"" : ""device_s84"" },    ""DeviceType"" : { ""S"" : ""sensor"" },    ""PhenomenonTime"" : { ""N"" : ""1625740121704"" },    ""QuantityKind"" : { ""S"" : ""Acceleration"" }  }"
"1625740126835","{    ""acc_x"" : { ""N"" : ""1.1518024627526937"" },    ""acc_y"" : { ""N"" : ""0.026900834214175884"" },    ""acc_z"" : { ""N"" : ""1.480730626876899"" },    ""device_id"" : { ""S"" : ""device_s20"" },    ""DeviceType"" : { ""S"" : ""sensor"" },    ""PhenomenonTime"" : { ""N"" : ""1625740126663"" },    ""QuantityKind"" : { ""S"" : ""Acceleration"" }  }"
"1625740129195","{    ""acc_x"" : { ""N"" : ""2.1370737014183483"" },    ""acc_y"" : { ""N"" : ""0.2461760811955379"" },    ""acc_z"" : { ""N"" : ""1.1691875095400415"" },    ""device_id"" : { ""S"" : ""device_s62"" },    ""DeviceType"" : { ""S"" : ""sensor"" },    ""PhenomenonTime"" : { ""N"" : ""1625740128896"" },    ""QuantityKind"" : { ""S"" : ""Acceleration"" }  }"
"1625740130319","{    ""acc_x"" : { ""N"" : ""1.9041215631726383"" },    ""acc_y"" : { ""N"" : ""0.5609509802119297"" },    ""acc_z"" : { ""N"" : ""1.792018272183003"" },    ""device_id"" : { ""S"" : ""device_s77"" },    ""DeviceType"" : { ""S"" : ""sensor"" },    ""PhenomenonTime"" : { ""N"" : ""1625740130005"" },    ""QuantityKind"" : { ""S"" : ""Acceleration"" }  }"
"1625740130645","{    ""acc_x"" : { ""N"" : ""1.7380563247647176"" },    ""acc_y"" : { ""N"" : ""0.28967227403764106"" },    ""acc_z"" : { ""N"" : ""1.8637416473449704"" },    ""device_id"" : { ""S"" : ""device_s4"" },    ""DeviceType"" : { ""S"" : ""sensor"" },    ""PhenomenonTime"" : { ""N"" : ""1625740130469"" },    ""QuantityKind"" : { ""S"" : ""Acceleration"" }  }"
"1625740133232","{    ""acc_x"" : { ""N"" : ""2.0388607508436953"" },    ""acc_y"" : { ""N"" : ""0.6217852050879541"" },    ""acc_z"" : { ""N"" : ""0.8148398499647018"" },    ""device_id"" : { ""S"" : ""device_s18"" },    ""DeviceType"" : { ""S"" : ""sensor"" },    ""PhenomenonTime"" : { ""N"" : ""1625740133076"" },    ""QuantityKind"" : { ""S"" : ""Acceleration"" }  }"
"1625745276271","{    ""acc_x"" : { ""N"" : ""2.159040007049798"" },    ""acc_y"" : { ""N"" : ""0.43055024215325743"" },    ""acc_z"" : { ""N"" : ""0.7962988075876458"" },    ""device_id"" : { ""S"" : ""device_s61"" },    ""DeviceType"" : { ""S"" : ""sensor"" },    ""PhenomenonTime"" : { ""N"" : ""1625745274170"" },    ""QuantityKind"" : { ""S"" : ""Acceleration"" }  }"
"1625747549789","{    ""acc_x"" : { ""N"" : ""1.3107370149060062"" },    ""acc_y"" : { ""N"" : ""0.6770869289144644"" },    ""acc_z"" : { ""N"" : ""1.3969401809064794"" },    ""device_id"" : { ""S"" : ""5758.0"" },    ""DeviceType"" : { ""S"" : ""sensor"" },    ""PhenomenonTime"" : { ""N"" : ""1625747548944"" },    ""QuantityKind"" : { ""S"" : ""Acceleration"" }  }"
"1625748079119","{    ""acc_x"" : { ""N"" : ""1.047588202398126"" },    ""acc_y"" : { ""N"" : ""0.003506106136114129"" },    ""acc_z"" : { ""N"" : ""0.9019989020660792"" },    ""device_id"" : { ""S"" : ""7265.0"" },    ""DeviceType"" : { ""S"" : ""sensor"" },    ""PhenomenonTime"" : { ""N"" : ""1625748078271"" },    ""QuantityKind"" : { ""S"" : ""Acceleration"" }  }"
